sentence_id,token,tag
0,The,O
0,report,O
0,",",O
0,as,O
0,mentioned,O
0,by,O
0,Misgana,B-PER
0,(,O
0,our,O
0,new,O
0,data,O
0,analyst,O
0,),O
0,",",O
0,needs,O
0,a,O
0,revision,O
0,.,O
1,My,O
1,name,O
1,is,O
1,Mpho,B-PER
1,.,O
2,The,O
2,person,O
2,you,O
2,spoke,O
2,to,O
2,earlier,O
2,",",O
2,Emmanuel,B-PER
2,",",O
2,will,O
2,send,O
2,the,O
2,report,O
2,.,O
3,Hodan,B-PER
3,",",O
3,the,O
3,new,O
3,project,O
3,manager,O
3,",",O
3,presented,O
3,the,O
3,budget,O
3,.,O
4,It,O
4,was,O
4,José,B-PER
4,who,O
4,finalized,O
4,the,O
4,agreement,O
4,.,O
5,Nobody,O
5,expected,O
5,Abdullahi,B-PER
5,to,O
5,handle,O
5,the,O
5,crisis,O
5,so,O
5,well,O
5,.,O
6,Emmanuel,B-PER
6,",",O
6,the,O
6,regional,O
6,director,O
6,",",O
6,approved,O
6,the,O
6,budget,O
6,.,O
7,During,O
7,yesterday,O
7,',O
7,s,O
7,meeting,O
7,",",O
7,Bigirimana,B-PER
7,brought,O
7,up,O
7,an,O
7,interesting,O
7,point,O
7,.,O
8,Mostafa,B-PER
8,and,O
8,his,O
8,colleague,O
8,Amr,B-PER
8,handled,O
8,the,O
8,presentation,O
8,together,O
8,.,O
9,The,O
9,consultant,O
9,who,O
9,was,O
9,hired,O
9,bySalamata,O
9,recommended,O
9,a,O
9,new,O
9,tool,O
9,.,O
10,During,O
10,yesterday,O
10,',O
10,s,O
10,meeting,O
10,",",O
10,Paulus,B-PER
10,brought,O
10,up,O
10,an,O
10,interesting,O
10,point,O
10,.,O
11,This,O
11,is,O
11,Goreth,B-PER
11,",",O
11,our,O
11,new,O
11,team,O
11,member,O
11,.,O
12,At,O
12,the,O
12,annual,O
12,summit,O
12,in,O
12,Kuala,O
12,Lumpur,O
12,",",O
12,Saredo,B-PER
12,gave,O
12,a,O
12,keynote,O
12,speech,O
12,.,O
13,Everyone,O
13,was,O
13,waiting,O
13,for,O
13,محمد,B-PER
13,to,O
13,arrive,O
13,.,O
14,Isn,O
14,',O
14,t,O
14,Michel,B-PER
14,presenting,O
14,at,O
14,the,O
14,conference,O
14,?,O
15,Have,O
15,you,O
15,met,O
15,Bezawit,B-PER
15,from,O
15,the,O
15,accounting,O
15,department,O
15,?,O
16,The,O
16,woman,O
16,seen,O
16,talking,O
16,to,O
16,Khadija,B-PER
16,was,O
16,the,O
16,CEO,O
16,.,O
17,My,O
17,name,O
17,is,O
17,Loide,B-PER
17,.,O
18,Osvaldo,B-PER
18,introduced,O
18,Albertina,B-PER
18,as,O
18,the,O
18,lead,O
18,consultant,O
18,on,O
18,the,O
18,project,O
18,.,O
19,Do,O
19,you,O
19,remember,O
19,when,O
19,Bigirimana,B-PER
19,joined,O
19,the,O
19,company,O
19,?,O
20,The,O
20,woman,O
20,seen,O
20,talking,O
20,to,O
20,Fatimata,B-PER
20,was,O
20,the,O
20,CEO,O
20,.,O
21,Tebogo,B-PER
21,introduced,O
21,Sipho,B-PER
21,as,O
21,the,O
21,lead,O
21,consultant,O
21,on,O
21,the,O
21,project,O
21,.,O
22,Both,O
22,Joy,B-PER
22,and,O
22,Grace,B-PER
22,have,O
22,extensive,O
22,experience,O
22,in,O
22,logistics,O
22,.,O
23,After,O
23,the,O
23,interview,O
23,",",O
23,we,O
23,offered,O
23,Kabelo,B-PER
23,the,O
23,position,O
23,.,O
24,Nobody,O
24,expected,O
24,Inoussa,B-PER
24,to,O
24,handle,O
24,the,O
24,crisis,O
24,so,O
24,well,O
24,.,O
25,The,O
25,consultant,O
25,who,O
25,was,O
25,hired,O
25,byIrakoze,O
25,recommended,O
25,a,O
25,new,O
25,tool,O
25,.,O
26,What,O
26,did,O
26,Amina,B-PER
26,say,O
26,about,O
26,the,O
26,proposal,O
26,yesterday,O
26,?,O
27,After,O
27,the,O
27,interview,O
27,",",O
27,we,O
27,offered,O
27,Lorato,B-PER
27,the,O
27,position,O
27,.,O
28,Have,O
28,you,O
28,met,O
28,Patrícia,B-PER
28,from,O
28,the,O
28,accounting,O
28,department,O
28,?,O
29,Have,O
29,you,O
29,met,O
29,محمد,B-PER
29,from,O
29,the,O
29,accounting,O
29,department,O
29,?,O
30,Mohamed,B-PER
30,and,O
30,his,O
30,colleague,O
30,Ahmed,B-PER
30,handled,O
30,the,O
30,presentation,O
30,together,O
30,.,O
31,Mercy,B-PER
31,said,O
31,that,O
31,Favour,B-PER
31,might,O
31,be,O
31,late,O
31,due,O
31,to,O
31,traffic,O
31,.,O
32,The,O
32,person,O
32,you,O
32,spoke,O
32,to,O
32,earlier,O
32,",",O
32,Mohamed,B-PER
32,",",O
32,will,O
32,send,O
32,the,O
32,report,O
32,.,O
33,Everyone,O
33,was,O
33,waiting,O
33,for,O
33,ام,B-PER
33,to,O
33,arrive,O
33,.,O
34,After,O
34,the,O
34,interview,O
34,",",O
34,we,O
34,offered,O
34,Joy,B-PER
34,the,O
34,position,O
34,.,O
35,It,O
35,was,O
35,Mahmoud,B-PER
35,who,O
35,finalized,O
35,the,O
35,agreement,O
35,.,O
36,Have,O
36,you,O
36,met,O
36,ابراهيم,B-PER
36,from,O
36,the,O
36,accounting,O
36,department,O
36,?,O
37,Nobody,O
37,expected,O
37,Lorato,B-PER
37,to,O
37,handle,O
37,the,O
37,crisis,O
37,so,O
37,well,O
37,.,O
38,The,O
38,person,O
38,you,O
38,spoke,O
38,to,O
38,earlier,O
38,",",O
38,Med,B-PER
38,",",O
38,will,O
38,send,O
38,the,O
38,report,O
38,.,O
39,Both,O
39,ميمي,B-PER
39,and,O
39,حنين,B-PER
39,have,O
39,extensive,O
39,experience,O
39,in,O
39,logistics,O
39,.,O
40,It,O
40,was,O
40,Zandile,B-PER
40,who,O
40,finalized,O
40,the,O
40,agreement,O
40,.,O
41,Can,O
41,you,O
41,schedule,O
41,a,O
41,meeting,O
41,with,O
41,Inês,B-PER
41,next,O
41,week,O
41,?,O
42,At,O
42,the,O
42,annual,O
42,summit,O
42,in,O
42,Kuala,O
42,Lumpur,O
42,",",O
42,Ayoub,B-PER
42,gave,O
42,a,O
42,keynote,O
42,speech,O
42,.,O
43,After,O
43,the,O
43,interview,O
43,",",O
43,we,O
43,offered,O
43,Joy,B-PER
43,the,O
43,position,O
43,.,O
44,At,O
44,the,O
44,annual,O
44,summit,O
44,in,O
44,Kuala,O
44,Lumpur,O
44,",",O
44,Hamza,B-PER
44,gave,O
44,a,O
44,keynote,O
44,speech,O
44,.,O
45,What,O
45,did,O
45,Francis,B-PER
45,say,O
45,about,O
45,the,O
45,proposal,O
45,yesterday,O
45,?,O
46,Although,O
46,Kedir,B-PER
46,was,O
46,nervous,O
46,",",O
46,she,O
46,performed,O
46,well,O
46,.,O
47,My,O
47,name,O
47,is,O
47,Karim,B-PER
47,.,O
48,Irakoze,B-PER
48,",",O
48,the,O
48,new,O
48,project,O
48,manager,O
48,",",O
48,presented,O
48,the,O
48,budget,O
48,.,O
49,After,O
49,the,O
49,interview,O
49,",",O
49,we,O
49,offered,O
49,Hamza,B-PER
49,the,O
49,position,O
49,.,O
50,Nobody,O
50,expected,O
50,John,B-PER
50,to,O
50,handle,O
50,the,O
50,crisis,O
50,so,O
50,well,O
50,.,O
51,Do,O
51,you,O
51,remember,O
51,when,O
51,Edson,B-PER
51,joined,O
51,the,O
51,company,O
51,?,O
52,Both,O
52,Irakoze,B-PER
52,and,O
52,Esperance,B-PER
52,have,O
52,extensive,O
52,experience,O
52,in,O
52,logistics,O
52,.,O
53,I,O
53,met,O
53,Biruk,B-PER
53,and,O
53,Wesen,B-PER
53,at,O
53,the,O
53,workshop,O
53,in,O
53,Jakarta,O
53,.,O
54,Nshimirimana,B-PER
54,said,O
54,that,O
54,Emelyne,B-PER
54,might,O
54,be,O
54,late,O
54,due,O
54,to,O
54,traffic,O
54,.,O
55,The,O
55,final,O
55,report,O
55,was,O
55,prepared,O
55,by,O
55,Samir,B-PER
55,.,O
56,My,O
56,name,O
56,is,O
56,John,B-PER
56,.,O
57,ابو,B-PER
57,",",O
57,the,O
57,new,O
57,project,O
57,manager,O
57,",",O
57,presented,O
57,the,O
57,budget,O
57,.,O
58,The,O
58,woman,O
58,seen,O
58,talking,O
58,to,O
58,وردة,B-PER
58,was,O
58,the,O
58,CEO,O
58,.,O
59,What,O
59,did,O
59,Bizuayehu,B-PER
59,say,O
59,about,O
59,the,O
59,proposal,O
59,yesterday,O
59,?,O
60,Mohamed,B-PER
60,",",O
60,the,O
60,new,O
60,project,O
60,manager,O
60,",",O
60,presented,O
60,the,O
60,budget,O
60,.,O
61,Nobody,O
61,expected,O
61,Bigirimana,B-PER
61,to,O
61,handle,O
61,the,O
61,crisis,O
61,so,O
61,well,O
61,.,O
62,The,O
62,report,O
62,",",O
62,as,O
62,mentioned,O
62,by,O
62,Biruk,B-PER
62,(,O
62,our,O
62,new,O
62,data,O
62,analyst,O
62,),O
62,",",O
62,needs,O
62,a,O
62,revision,O
62,.,O
63,This,O
63,is,O
63,Laure,B-PER
63,",",O
63,our,O
63,new,O
63,team,O
63,member,O
63,.,O
64,Everyone,O
64,was,O
64,waiting,O
64,for,O
64,Lorato,B-PER
64,to,O
64,arrive,O
64,.,O
65,The,O
65,consultant,O
65,who,O
65,was,O
65,hired,O
65,byAlassane,O
65,recommended,O
65,a,O
65,new,O
65,tool,O
65,.,O
66,Matheus,B-PER
66,introduced,O
66,Erastus,B-PER
66,as,O
66,the,O
66,lead,O
66,consultant,O
66,on,O
66,the,O
66,project,O
66,.,O
67,My,O
67,name,O
67,is,O
67,Amel,B-PER
67,.,O
68,It,O
68,was,O
68,ام,B-PER
68,who,O
68,finalized,O
68,the,O
68,agreement,O
68,.,O
69,Franck,B-PER
69,and,O
69,his,O
69,colleague,O
69,Mireille,B-PER
69,handled,O
69,the,O
69,presentation,O
69,together,O
69,.,O
70,During,O
70,yesterday,O
70,',O
70,s,O
70,meeting,O
70,",",O
70,Issaka,B-PER
70,brought,O
70,up,O
70,an,O
70,interesting,O
70,point,O
70,.,O
71,Can,O
71,you,O
71,schedule,O
71,a,O
71,meeting,O
71,with,O
71,Mostafa,B-PER
71,next,O
71,week,O
71,?,O
72,Everyone,O
72,was,O
72,waiting,O
72,for,O
72,Kagiso,B-PER
72,to,O
72,arrive,O
72,.,O
73,Everyone,O
73,was,O
73,waiting,O
73,for,O
73,اميرة,B-PER
73,to,O
73,arrive,O
73,.,O
74,I,O
74,met,O
74,Sunday,B-PER
74,and,O
74,John,B-PER
74,at,O
74,the,O
74,workshop,O
74,in,O
74,Jakarta,O
74,.,O
75,At,O
75,the,O
75,annual,O
75,summit,O
75,in,O
75,Kuala,O
75,Lumpur,O
75,",",O
75,ابو,B-PER
75,gave,O
75,a,O
75,keynote,O
75,speech,O
75,.,O
76,Although,O
76,Kefilwe,B-PER
76,was,O
76,nervous,O
76,",",O
76,she,O
76,performed,O
76,well,O
76,.,O
77,The,O
77,person,O
77,you,O
77,spoke,O
77,to,O
77,earlier,O
77,",",O
77,محمد,B-PER
77,",",O
77,will,O
77,send,O
77,the,O
77,report,O
77,.,O
78,I,O
78,met,O
78,Petrus,B-PER
78,and,O
78,Hilma,B-PER
78,at,O
78,the,O
78,workshop,O
78,in,O
78,Jakarta,O
78,.,O
79,It,O
79,was,O
79,Sara,B-PER
79,who,O
79,finalized,O
79,the,O
79,agreement,O
79,.,O
80,I,O
80,met,O
80,Joana,B-PER
80,and,O
80,Diogo,B-PER
80,at,O
80,the,O
80,workshop,O
80,in,O
80,Jakarta,O
80,.,O
81,What,O
81,did,O
81,Mpho,B-PER
81,say,O
81,about,O
81,the,O
81,proposal,O
81,yesterday,O
81,?,O
82,The,O
82,consultant,O
82,who,O
82,was,O
82,hired,O
82,byKwizera,O
82,recommended,O
82,a,O
82,new,O
82,tool,O
82,.,O
83,Both,O
83,ميمي,B-PER
83,and,O
83,فاطمه,B-PER
83,have,O
83,extensive,O
83,experience,O
83,in,O
83,logistics,O
83,.,O
84,After,O
84,the,O
84,interview,O
84,",",O
84,we,O
84,offered,O
84,João,B-PER
84,the,O
84,position,O
84,.,O
85,Isn,O
85,',O
85,t,O
85,Nahimana,B-PER
85,presenting,O
85,at,O
85,the,O
85,conference,O
85,?,O
86,Everyone,O
86,was,O
86,waiting,O
86,for,O
86,Malak,B-PER
86,to,O
86,arrive,O
86,.,O
87,I,O
87,met,O
87,John,B-PER
87,and,O
87,Bongani,B-PER
87,at,O
87,the,O
87,workshop,O
87,in,O
87,Jakarta,O
87,.,O
88,João,B-PER
88,",",O
88,the,O
88,regional,O
88,director,O
88,",",O
88,approved,O
88,the,O
88,budget,O
88,.,O
89,Nobody,O
89,expected,O
89,Asres,B-PER
89,to,O
89,handle,O
89,the,O
89,crisis,O
89,so,O
89,well,O
89,.,O
90,The,O
90,final,O
90,report,O
90,was,O
90,prepared,O
90,by,O
90,Akimana,B-PER
90,.,O
91,Although,O
91,Amel,B-PER
91,was,O
91,nervous,O
91,",",O
91,she,O
91,performed,O
91,well,O
91,.,O
92,Have,O
92,you,O
92,met,O
92,Nuno,B-PER
92,from,O
92,the,O
92,accounting,O
92,department,O
92,?,O
93,What,O
93,did,O
93,Favour,B-PER
93,say,O
93,about,O
93,the,O
93,proposal,O
93,yesterday,O
93,?,O
94,Meme,B-PER
94,said,O
94,that,O
94,Om,B-PER
94,might,O
94,be,O
94,late,O
94,due,O
94,to,O
94,traffic,O
94,.,O
95,After,O
95,the,O
95,interview,O
95,",",O
95,we,O
95,offered,O
95,Grace,B-PER
95,the,O
95,position,O
95,.,O
96,After,O
96,the,O
96,interview,O
96,",",O
96,we,O
96,offered,O
96,Prince,B-PER
96,the,O
96,position,O
96,.,O
97,Margarida,B-PER
97,and,O
97,his,O
97,colleague,O
97,Joana,B-PER
97,handled,O
97,the,O
97,presentation,O
97,together,O
97,.,O
98,At,O
98,the,O
98,annual,O
98,summit,O
98,in,O
98,Kuala,O
98,Lumpur,O
98,",",O
98,Joana,B-PER
98,gave,O
98,a,O
98,keynote,O
98,speech,O
98,.,O
99,I,O
99,met,O
99,ملاك,B-PER
99,and,O
99,Om,B-PER
99,at,O
99,the,O
99,workshop,O
99,in,O
99,Jakarta,O
99,.,O
100,Mona,B-PER
100,said,O
100,that,O
100,Omar,B-PER
100,might,O
100,be,O
100,late,O
100,due,O
100,to,O
100,traffic,O
100,.,O
101,Isn,O
101,',O
101,t,O
101,Deka,B-PER
101,presenting,O
101,at,O
101,the,O
101,conference,O
101,?,O
102,The,O
102,consultant,O
102,who,O
102,was,O
102,hired,O
102,byGoreth,O
102,recommended,O
102,a,O
102,new,O
102,tool,O
102,.,O
103,After,O
103,the,O
103,interview,O
103,",",O
103,we,O
103,offered,O
103,Ashenafi,B-PER
103,the,O
103,position,O
103,.,O
104,Have,O
104,you,O
104,met,O
104,Ahmed,B-PER
104,from,O
104,the,O
104,accounting,O
104,department,O
104,?,O
105,This,O
105,is,O
105,Mahamoud,B-PER
105,",",O
105,our,O
105,new,O
105,team,O
105,member,O
105,.,O
106,The,O
106,person,O
106,you,O
106,spoke,O
106,to,O
106,earlier,O
106,",",O
106,Salma,B-PER
106,",",O
106,will,O
106,send,O
106,the,O
106,report,O
106,.,O
107,Both,O
107,João,B-PER
107,and,O
107,Patrícia,B-PER
107,have,O
107,extensive,O
107,experience,O
107,in,O
107,logistics,O
107,.,O
108,Everyone,O
108,was,O
108,waiting,O
108,for,O
108,አላህ,B-PER
108,to,O
108,arrive,O
108,.,O
109,While,O
109,the,O
109,proposal,O
109,was,O
109,being,O
109,finalized,O
109,by,O
109,the,O
109,marketing,O
109,team,O
109,",",O
109,ام,B-PER
109,",",O
109,who,O
109,had,O
109,just,O
109,returned,O
109,from,O
109,Singapore,O
109,",",O
109,raised,O
109,an,O
109,objection,O
109,.,O
110,Lorato,B-PER
110,introduced,O
110,Kabelo,B-PER
110,as,O
110,the,O
110,lead,O
110,consultant,O
110,on,O
110,the,O
110,project,O
110,.,O
111,After,O
111,the,O
111,interview,O
111,",",O
111,we,O
111,offered,O
111,Mahmoud,B-PER
111,the,O
111,position,O
111,.,O
112,This,O
112,is,O
112,محمد,B-PER
112,",",O
112,our,O
112,new,O
112,team,O
112,member,O
112,.,O
113,While,O
113,the,O
113,proposal,O
113,was,O
113,being,O
113,finalized,O
113,by,O
113,the,O
113,marketing,O
113,team,O
113,",",O
113,Sara,B-PER
113,",",O
113,who,O
113,had,O
113,just,O
113,returned,O
113,from,O
113,Singapore,O
113,",",O
113,raised,O
113,an,O
113,objection,O
113,.,O
114,Stephen,B-PER
114,introduced,O
114,Joseph,B-PER
114,as,O
114,the,O
114,lead,O
114,consultant,O
114,on,O
114,the,O
114,project,O
114,.,O
115,Zalissa,B-PER
115,and,O
115,his,O
115,colleague,O
115,Fatimata,B-PER
115,handled,O
115,the,O
115,presentation,O
115,together,O
115,.,O
116,Do,O
116,you,O
116,remember,O
116,when,O
116,Gaone,B-PER
116,joined,O
116,the,O
116,company,O
116,?,O
117,Abubakar,B-PER
117,",",O
117,the,O
117,new,O
117,project,O
117,manager,O
117,",",O
117,presented,O
117,the,O
117,budget,O
117,.,O
118,The,O
118,report,O
118,",",O
118,as,O
118,mentioned,O
118,by,O
118,Matheus,B-PER
118,(,O
118,our,O
118,new,O
118,data,O
118,analyst,O
118,),O
118,",",O
118,needs,O
118,a,O
118,revision,O
118,.,O
119,Do,O
119,you,O
119,remember,O
119,when,O
119,Fatima,B-PER
119,joined,O
119,the,O
119,company,O
119,?,O
120,The,O
120,final,O
120,report,O
120,was,O
120,prepared,O
120,by,O
120,Aymen,B-PER
120,.,O
121,Can,O
121,you,O
121,schedule,O
121,a,O
121,meeting,O
121,with,O
121,Imane,B-PER
121,next,O
121,week,O
121,?,O
122,The,O
122,consultant,O
122,who,O
122,was,O
122,hired,O
122,byعبدالله,O
122,recommended,O
122,a,O
122,new,O
122,tool,O
122,.,O
123,Can,O
123,you,O
123,schedule,O
123,a,O
123,meeting,O
123,with,O
123,Muhammad,B-PER
123,next,O
123,week,O
123,?,O
124,At,O
124,the,O
124,annual,O
124,summit,O
124,in,O
124,Kuala,O
124,Lumpur,O
124,",",O
124,Walid,B-PER
124,gave,O
124,a,O
124,keynote,O
124,speech,O
124,.,O
125,The,O
125,consultant,O
125,who,O
125,was,O
125,hired,O
125,byPrince,O
125,recommended,O
125,a,O
125,new,O
125,tool,O
125,.,O
126,Have,O
126,you,O
126,met,O
126,ميمي,B-PER
126,from,O
126,the,O
126,accounting,O
126,department,O
126,?,O
127,Both,O
127,Samuel,B-PER
127,and,O
127,Nana,B-PER
127,have,O
127,extensive,O
127,experience,O
127,in,O
127,logistics,O
127,.,O
128,At,O
128,the,O
128,annual,O
128,summit,O
128,in,O
128,Kuala,O
128,Lumpur,O
128,",",O
128,Hassan,B-PER
128,gave,O
128,a,O
128,keynote,O
128,speech,O
128,.,O
129,Nour,B-PER
129,introduced,O
129,Amal,B-PER
129,as,O
129,the,O
129,lead,O
129,consultant,O
129,on,O
129,the,O
129,project,O
129,.,O
130,Have,O
130,you,O
130,met,O
130,Stephen,B-PER
130,from,O
130,the,O
130,accounting,O
130,department,O
130,?,O
131,After,O
131,the,O
131,interview,O
131,",",O
131,we,O
131,offered,O
131,Sipho,B-PER
131,the,O
131,position,O
131,.,O
132,I,O
132,met,O
132,Edson,B-PER
132,and,O
132,Paulo,B-PER
132,at,O
132,the,O
132,workshop,O
132,in,O
132,Jakarta,O
132,.,O
133,The,O
133,final,O
133,report,O
133,was,O
133,prepared,O
133,by,O
133,ميمي,B-PER
133,.,O
134,Prince,B-PER
134,",",O
134,the,O
134,new,O
134,project,O
134,manager,O
134,",",O
134,presented,O
134,the,O
134,budget,O
134,.,O
135,Everyone,O
135,was,O
135,waiting,O
135,for,O
135,Imen,B-PER
135,to,O
135,arrive,O
135,.,O
136,Do,O
136,you,O
136,remember,O
136,when,O
136,انا,B-PER
136,joined,O
136,the,O
136,company,O
136,?,O
137,After,O
137,the,O
137,interview,O
137,",",O
137,we,O
137,offered,O
137,Asmaa,B-PER
137,the,O
137,position,O
137,.,O
138,Do,O
138,you,O
138,remember,O
138,when,O
138,Albertina,B-PER
138,joined,O
138,the,O
138,company,O
138,?,O
139,Malak,B-PER
139,",",O
139,the,O
139,regional,O
139,director,O
139,",",O
139,approved,O
139,the,O
139,budget,O
139,.,O
140,This,O
140,is,O
140,Francis,B-PER
140,",",O
140,our,O
140,new,O
140,team,O
140,member,O
140,.,O
141,After,O
141,the,O
141,interview,O
141,",",O
141,we,O
141,offered,O
141,Esperance,B-PER
141,the,O
141,position,O
141,.,O
142,Isn,O
142,',O
142,t,O
142,Joseph,B-PER
142,presenting,O
142,at,O
142,the,O
142,conference,O
142,?,O
143,The,O
143,final,O
143,report,O
143,was,O
143,prepared,O
143,by,O
143,Habtamu,B-PER
143,.,O
144,My,O
144,name,O
144,is,O
144,Oumarou,B-PER
144,.,O
145,After,O
145,the,O
145,interview,O
145,",",O
145,we,O
145,offered,O
145,Ifrah,B-PER
145,the,O
145,position,O
145,.,O
146,What,O
146,did,O
146,Mary,B-PER
146,say,O
146,about,O
146,the,O
146,proposal,O
146,yesterday,O
146,?,O
147,Everyone,O
147,was,O
147,waiting,O
147,for,O
147,Bigirimana,B-PER
147,to,O
147,arrive,O
147,.,O
148,Can,O
148,you,O
148,schedule,O
148,a,O
148,meeting,O
148,with,O
148,Ahmed,B-PER
148,next,O
148,week,O
148,?,O
149,Have,O
149,you,O
149,met,O
149,Niyonkuru,B-PER
149,from,O
149,the,O
149,accounting,O
149,department,O
149,?,O
150,Nobody,O
150,expected,O
150,Mireille,B-PER
150,to,O
150,handle,O
150,the,O
150,crisis,O
150,so,O
150,well,O
150,.,O
151,Both,O
151,João,B-PER
151,and,O
151,Rui,B-PER
151,have,O
151,extensive,O
151,experience,O
151,in,O
151,logistics,O
151,.,O
152,Nobody,O
152,expected,O
152,Albertina,B-PER
152,to,O
152,handle,O
152,the,O
152,crisis,O
152,so,O
152,well,O
152,.,O
153,Everyone,O
153,was,O
153,waiting,O
153,for,O
153,ابو,B-PER
153,to,O
153,arrive,O
153,.,O
154,Both,O
154,Blessing,B-PER
154,and,O
154,Prince,B-PER
154,have,O
154,extensive,O
154,experience,O
154,in,O
154,logistics,O
154,.,O
155,I,O
155,met,O
155,Nduwimana,B-PER
155,and,O
155,Belyse,B-PER
155,at,O
155,the,O
155,workshop,O
155,in,O
155,Jakarta,O
155,.,O
156,The,O
156,consultant,O
156,who,O
156,was,O
156,hired,O
156,byAbdullahi,O
156,recommended,O
156,a,O
156,new,O
156,tool,O
156,.,O
157,Nobody,O
157,expected,O
157,Comfort,B-PER
157,to,O
157,handle,O
157,the,O
157,crisis,O
157,so,O
157,well,O
157,.,O
158,Isn,O
158,',O
158,t,O
158,علي,B-PER
158,presenting,O
158,at,O
158,the,O
158,conference,O
158,?,O
159,Isn,O
159,',O
159,t,O
159,Rose,B-PER
159,presenting,O
159,at,O
159,the,O
159,conference,O
159,?,O
160,Esperance,B-PER
160,",",O
160,the,O
160,new,O
160,project,O
160,manager,O
160,",",O
160,presented,O
160,the,O
160,budget,O
160,.,O
161,Everyone,O
161,was,O
161,waiting,O
161,for,O
161,Assetou,B-PER
161,to,O
161,arrive,O
161,.,O
162,It,O
162,was,O
162,Assetou,B-PER
162,who,O
162,finalized,O
162,the,O
162,agreement,O
162,.,O
163,Can,O
163,you,O
163,schedule,O
163,a,O
163,meeting,O
163,with,O
163,Idil,B-PER
163,next,O
163,week,O
163,?,O
164,Mugisha,B-PER
164,said,O
164,that,O
164,Belyse,B-PER
164,might,O
164,be,O
164,late,O
164,due,O
164,to,O
164,traffic,O
164,.,O
165,John,B-PER
165,introduced,O
165,Nthabiseng,B-PER
165,as,O
165,the,O
165,lead,O
165,consultant,O
165,on,O
165,the,O
165,project,O
165,.,O
166,Have,O
166,you,O
166,met,O
166,Maame,B-PER
166,from,O
166,the,O
166,accounting,O
166,department,O
166,?,O
167,This,O
167,is,O
167,Fatouma,B-PER
167,",",O
167,our,O
167,new,O
167,team,O
167,member,O
167,.,O
168,The,O
168,person,O
168,you,O
168,spoke,O
168,to,O
168,earlier,O
168,",",O
168,Erastus,B-PER
168,",",O
168,will,O
168,send,O
168,the,O
168,report,O
168,.,O
169,Laure,B-PER
169,and,O
169,his,O
169,colleague,O
169,Rose,B-PER
169,handled,O
169,the,O
169,presentation,O
169,together,O
169,.,O
170,The,O
170,report,O
170,",",O
170,as,O
170,mentioned,O
170,by,O
170,Bigirimana,B-PER
170,(,O
170,our,O
170,new,O
170,data,O
170,analyst,O
170,),O
170,",",O
170,needs,O
170,a,O
170,revision,O
170,.,O
171,The,O
171,person,O
171,you,O
171,spoke,O
171,to,O
171,earlier,O
171,",",O
171,Emmanuel,B-PER
171,",",O
171,will,O
171,send,O
171,the,O
171,report,O
171,.,O
172,Nana,B-PER
172,",",O
172,the,O
172,new,O
172,project,O
172,manager,O
172,",",O
172,presented,O
172,the,O
172,budget,O
172,.,O
173,During,O
173,yesterday,O
173,',O
173,s,O
173,meeting,O
173,",",O
173,Fatima,B-PER
173,brought,O
173,up,O
173,an,O
173,interesting,O
173,point,O
173,.,O
174,Both,O
174,Ebenezer,B-PER
174,and,O
174,Grace,B-PER
174,have,O
174,extensive,O
174,experience,O
174,in,O
174,logistics,O
174,.,O
175,Have,O
175,you,O
175,met,O
175,Sawadogo,B-PER
175,from,O
175,the,O
175,accounting,O
175,department,O
175,?,O
176,Nobody,O
176,expected,O
176,ابراهيم,B-PER
176,to,O
176,handle,O
176,the,O
176,crisis,O
176,so,O
176,well,O
176,.,O
177,Everyone,O
177,was,O
177,waiting,O
177,for,O
177,Moses,B-PER
177,to,O
177,arrive,O
177,.,O
178,Do,O
178,you,O
178,remember,O
178,when,O
178,Houssein,B-PER
178,joined,O
178,the,O
178,company,O
178,?,O
179,It,O
179,was,O
179,Alemtsehay,B-PER
179,who,O
179,finalized,O
179,the,O
179,agreement,O
179,.,O
180,Can,O
180,you,O
180,schedule,O
180,a,O
180,meeting,O
180,with,O
180,Rachid,B-PER
180,next,O
180,week,O
180,?,O
181,I,O
181,met,O
181,Fati,B-PER
181,and,O
181,Said,B-PER
181,at,O
181,the,O
181,workshop,O
181,in,O
181,Jakarta,O
181,.,O
182,Have,O
182,you,O
182,met,O
182,عمر,B-PER
182,from,O
182,the,O
182,accounting,O
182,department,O
182,?,O
183,At,O
183,the,O
183,annual,O
183,summit,O
183,in,O
183,Kuala,O
183,Lumpur,O
183,",",O
183,Abdo,B-PER
183,gave,O
183,a,O
183,keynote,O
183,speech,O
183,.,O
184,This,O
184,is,O
184,احمد,B-PER
184,",",O
184,our,O
184,new,O
184,team,O
184,member,O
184,.,O
185,Biruk,B-PER
185,said,O
185,that,O
185,Jemal,B-PER
185,might,O
185,be,O
185,late,O
185,due,O
185,to,O
185,traffic,O
185,.,O
186,The,O
186,final,O
186,report,O
186,was,O
186,prepared,O
186,by,O
186,Tiago,B-PER
186,.,O
187,My,O
187,name,O
187,is,O
187,محمد,B-PER
187,.,O
188,This,O
188,is,O
188,Hilma,B-PER
188,",",O
188,our,O
188,new,O
188,team,O
188,member,O
188,.,O
189,Can,O
189,you,O
189,schedule,O
189,a,O
189,meeting,O
189,with,O
189,Alemtsehay,B-PER
189,next,O
189,week,O
189,?,O
190,Anabela,B-PER
190,",",O
190,the,O
190,new,O
190,project,O
190,manager,O
190,",",O
190,presented,O
190,the,O
190,budget,O
190,.,O
191,What,O
191,did,O
191,Mohamed,B-PER
191,say,O
191,about,O
191,the,O
191,proposal,O
191,yesterday,O
191,?,O
192,While,O
192,the,O
192,proposal,O
192,was,O
192,being,O
192,finalized,O
192,by,O
192,the,O
192,marketing,O
192,team,O
192,",",O
192,محمد,B-PER
192,",",O
192,who,O
192,had,O
192,just,O
192,returned,O
192,from,O
192,Singapore,O
192,",",O
192,raised,O
192,an,O
192,objection,O
192,.,O
193,Everyone,O
193,was,O
193,waiting,O
193,for,O
193,Prince,B-PER
193,to,O
193,arrive,O
193,.,O
194,What,O
194,did,O
194,Michel,B-PER
194,say,O
194,about,O
194,the,O
194,proposal,O
194,yesterday,O
194,?,O
195,Have,O
195,you,O
195,met,O
195,Michel,B-PER
195,from,O
195,the,O
195,accounting,O
195,department,O
195,?,O
196,I,O
196,met,O
196,محمود,B-PER
196,and,O
196,Mona,B-PER
196,at,O
196,the,O
196,workshop,O
196,in,O
196,Jakarta,O
196,.,O
197,My,O
197,name,O
197,is,O
197,Gifty,B-PER
197,.,O
198,The,O
198,final,O
198,report,O
198,was,O
198,prepared,O
198,by,O
198,Gorata,B-PER
198,.,O
199,Although,O
199,خالد,B-PER
199,was,O
199,nervous,O
199,",",O
199,she,O
199,performed,O
199,well,O
199,.,O
200,Thabo,B-PER
200,introduced,O
200,Kefilwe,B-PER
200,as,O
200,the,O
200,lead,O
200,consultant,O
200,on,O
200,the,O
200,project,O
200,.,O
201,Can,O
201,you,O
201,schedule,O
201,a,O
201,meeting,O
201,with,O
201,Margarida,B-PER
201,next,O
201,week,O
201,?,O
202,What,O
202,did,O
202,Abdourahman,B-PER
202,say,O
202,about,O
202,the,O
202,proposal,O
202,yesterday,O
202,?,O
203,I,O
203,met,O
203,Bongani,B-PER
203,and,O
203,Ayanda,B-PER
203,at,O
203,the,O
203,workshop,O
203,in,O
203,Jakarta,O
203,.,O
204,Everyone,O
204,was,O
204,waiting,O
204,for,O
204,Kadra,B-PER
204,to,O
204,arrive,O
204,.,O
205,After,O
205,the,O
205,interview,O
205,",",O
205,we,O
205,offered,O
205,António,B-PER
205,the,O
205,position,O
205,.,O
206,Fantaye,B-PER
206,and,O
206,his,O
206,colleague,O
206,Bizuayehu,B-PER
206,handled,O
206,the,O
206,presentation,O
206,together,O
206,.,O
207,What,O
207,did,O
207,Malak,B-PER
207,say,O
207,about,O
207,the,O
207,proposal,O
207,yesterday,O
207,?,O
208,Although,O
208,Laure,B-PER
208,was,O
208,nervous,O
208,",",O
208,she,O
208,performed,O
208,well,O
208,.,O
209,It,O
209,was,O
209,Prince,B-PER
209,who,O
209,finalized,O
209,the,O
209,agreement,O
209,.,O
210,The,O
210,final,O
210,report,O
210,was,O
210,prepared,O
210,by,O
210,Mercy,B-PER
210,.,O
211,What,O
211,did,O
211,Ester,B-PER
211,say,O
211,about,O
211,the,O
211,proposal,O
211,yesterday,O
211,?,O
212,عبدو,B-PER
212,",",O
212,the,O
212,new,O
212,project,O
212,manager,O
212,",",O
212,presented,O
212,the,O
212,budget,O
212,.,O
213,Although,O
213,Irakoze,B-PER
213,was,O
213,nervous,O
213,",",O
213,she,O
213,performed,O
213,well,O
213,.,O
214,Isn,O
214,',O
214,t,O
214,Salma,B-PER
214,presenting,O
214,at,O
214,the,O
214,conference,O
214,?,O
215,Can,O
215,you,O
215,schedule,O
215,a,O
215,meeting,O
215,with,O
215,Prince,B-PER
215,next,O
215,week,O
215,?,O
216,Although,O
216,Sara,B-PER
216,was,O
216,nervous,O
216,",",O
216,she,O
216,performed,O
216,well,O
216,.,O
217,The,O
217,report,O
217,",",O
217,as,O
217,mentioned,O
217,by,O
217,Amel,B-PER
217,(,O
217,our,O
217,new,O
217,data,O
217,analyst,O
217,),O
217,",",O
217,needs,O
217,a,O
217,revision,O
217,.,O
218,The,O
218,person,O
218,you,O
218,spoke,O
218,to,O
218,earlier,O
218,",",O
218,Gorata,B-PER
218,",",O
218,will,O
218,send,O
218,the,O
218,report,O
218,.,O
219,Have,O
219,you,O
219,met,O
219,Sara,B-PER
219,from,O
219,the,O
219,accounting,O
219,department,O
219,?,O
220,Isn,O
220,',O
220,t,O
220,Nuno,B-PER
220,presenting,O
220,at,O
220,the,O
220,conference,O
220,?,O
221,Mohamed,B-PER
221,and,O
221,his,O
221,colleague,O
221,Mariem,B-PER
221,handled,O
221,the,O
221,presentation,O
221,together,O
221,.,O
222,It,O
222,was,O
222,Alassane,B-PER
222,who,O
222,finalized,O
222,the,O
222,agreement,O
222,.,O
223,While,O
223,the,O
223,proposal,O
223,was,O
223,being,O
223,finalized,O
223,by,O
223,the,O
223,marketing,O
223,team,O
223,",",O
223,Moses,B-PER
223,",",O
223,who,O
223,had,O
223,just,O
223,returned,O
223,from,O
223,Singapore,O
223,",",O
223,raised,O
223,an,O
223,objection,O
223,.,O
224,Although,O
224,Filipa,B-PER
224,was,O
224,nervous,O
224,",",O
224,she,O
224,performed,O
224,well,O
224,.,O
225,Everyone,O
225,was,O
225,waiting,O
225,for,O
225,Amanda,B-PER
225,to,O
225,arrive,O
225,.,O
226,Everyone,O
226,was,O
226,waiting,O
226,for,O
226,Aya,B-PER
226,to,O
226,arrive,O
226,.,O
227,Can,O
227,you,O
227,schedule,O
227,a,O
227,meeting,O
227,with,O
227,Awaleh,B-PER
227,next,O
227,week,O
227,?,O
228,The,O
228,woman,O
228,seen,O
228,talking,O
228,to,O
228,Adilson,B-PER
228,was,O
228,the,O
228,CEO,O
228,.,O
229,Prince,B-PER
229,",",O
229,the,O
229,regional,O
229,director,O
229,",",O
229,approved,O
229,the,O
229,budget,O
229,.,O
230,Isn,O
230,',O
230,t,O
230,Maame,B-PER
230,presenting,O
230,at,O
230,the,O
230,conference,O
230,?,O
231,While,O
231,the,O
231,proposal,O
231,was,O
231,being,O
231,finalized,O
231,by,O
231,the,O
231,marketing,O
231,team,O
231,",",O
231,Mohamed,B-PER
231,",",O
231,who,O
231,had,O
231,just,O
231,returned,O
231,from,O
231,Singapore,O
231,",",O
231,raised,O
231,an,O
231,objection,O
231,.,O
232,Although,O
232,Ali,B-PER
232,was,O
232,nervous,O
232,",",O
232,she,O
232,performed,O
232,well,O
232,.,O
233,After,O
233,the,O
233,interview,O
233,",",O
233,we,O
233,offered,O
233,Loide,B-PER
233,the,O
233,position,O
233,.,O
234,During,O
234,yesterday,O
234,',O
234,s,O
234,meeting,O
234,",",O
234,Hakizimana,B-PER
234,brought,O
234,up,O
234,an,O
234,interesting,O
234,point,O
234,.,O
235,Isn,O
235,',O
235,t,O
235,علي,B-PER
235,presenting,O
235,at,O
235,the,O
235,conference,O
235,?,O
236,Although,O
236,Tiago,B-PER
236,was,O
236,nervous,O
236,",",O
236,she,O
236,performed,O
236,well,O
236,.,O
237,The,O
237,consultant,O
237,who,O
237,was,O
237,hired,O
237,byIbrahim,O
237,recommended,O
237,a,O
237,new,O
237,tool,O
237,.,O
238,The,O
238,report,O
238,",",O
238,as,O
238,mentioned,O
238,by,O
238,Mohammed,B-PER
238,(,O
238,our,O
238,new,O
238,data,O
238,analyst,O
238,),O
238,",",O
238,needs,O
238,a,O
238,revision,O
238,.,O
239,Fantaye,B-PER
239,",",O
239,the,O
239,regional,O
239,director,O
239,",",O
239,approved,O
239,the,O
239,budget,O
239,.,O
240,Isn,O
240,',O
240,t,O
240,Niyonkuru,B-PER
240,presenting,O
240,at,O
240,the,O
240,conference,O
240,?,O
241,Marie,B-PER
241,",",O
241,the,O
241,new,O
241,project,O
241,manager,O
241,",",O
241,presented,O
241,the,O
241,budget,O
241,.,O
242,At,O
242,the,O
242,annual,O
242,summit,O
242,in,O
242,Kuala,O
242,Lumpur,O
242,",",O
242,Kadra,B-PER
242,gave,O
242,a,O
242,keynote,O
242,speech,O
242,.,O
243,The,O
243,final,O
243,report,O
243,was,O
243,prepared,O
243,by,O
243,Nthabiseng,B-PER
243,.,O
244,Junior,B-PER
244,",",O
244,the,O
244,regional,O
244,director,O
244,",",O
244,approved,O
244,the,O
244,budget,O
244,.,O
245,Nobody,O
245,expected,O
245,Filipa,B-PER
245,to,O
245,handle,O
245,the,O
245,crisis,O
245,so,O
245,well,O
245,.,O
246,This,O
246,is,O
246,Ouedraogo,B-PER
246,",",O
246,our,O
246,new,O
246,team,O
246,member,O
246,.,O
247,Asres,B-PER
247,introduced,O
247,Alemtsehay,B-PER
247,as,O
247,the,O
247,lead,O
247,consultant,O
247,on,O
247,the,O
247,project,O
247,.,O
248,What,O
248,did,O
248,Safiatou,B-PER
248,say,O
248,about,O
248,the,O
248,proposal,O
248,yesterday,O
248,?,O
249,While,O
249,the,O
249,proposal,O
249,was,O
249,being,O
249,finalized,O
249,by,O
249,the,O
249,marketing,O
249,team,O
249,",",O
249,Rasmata,B-PER
249,",",O
249,who,O
249,had,O
249,just,O
249,returned,O
249,from,O
249,Singapore,O
249,",",O
249,raised,O
249,an,O
249,objection,O
249,.,O
250,Johannes,B-PER
250,",",O
250,the,O
250,new,O
250,project,O
250,manager,O
250,",",O
250,presented,O
250,the,O
250,budget,O
250,.,O
251,Do,O
251,you,O
251,remember,O
251,when,O
251,Nduwimana,B-PER
251,joined,O
251,the,O
251,company,O
251,?,O
252,Fatimata,B-PER
252,",",O
252,the,O
252,new,O
252,project,O
252,manager,O
252,",",O
252,presented,O
252,the,O
252,budget,O
252,.,O
253,Thabo,B-PER
253,and,O
253,his,O
253,colleague,O
253,Kagiso,B-PER
253,handled,O
253,the,O
253,presentation,O
253,together,O
253,.,O
254,Can,O
254,you,O
254,schedule,O
254,a,O
254,meeting,O
254,with,O
254,Thabo,B-PER
254,next,O
254,week,O
254,?,O
255,The,O
255,person,O
255,you,O
255,spoke,O
255,to,O
255,earlier,O
255,",",O
255,Edson,B-PER
255,",",O
255,will,O
255,send,O
255,the,O
255,report,O
255,.,O
256,Have,O
256,you,O
256,met,O
256,Margarida,B-PER
256,from,O
256,the,O
256,accounting,O
256,department,O
256,?,O
257,My,O
257,name,O
257,is,O
257,Johannes,B-PER
257,.,O
258,I,O
258,met,O
258,Nadine,B-PER
258,and,O
258,Sandrine,B-PER
258,at,O
258,the,O
258,workshop,O
258,in,O
258,Jakarta,O
258,.,O
259,Albertina,B-PER
259,and,O
259,his,O
259,colleague,O
259,Luzia,B-PER
259,handled,O
259,the,O
259,presentation,O
259,together,O
259,.,O
260,My,O
260,name,O
260,is,O
260,Andreia,B-PER
260,.,O
261,Prince,B-PER
261,introduced,O
261,Muhammad,B-PER
261,as,O
261,the,O
261,lead,O
261,consultant,O
261,on,O
261,the,O
261,project,O
261,.,O
262,Have,O
262,you,O
262,met,O
262,أم,B-PER
262,from,O
262,the,O
262,accounting,O
262,department,O
262,?,O
263,Everyone,O
263,was,O
263,waiting,O
263,for,O
263,Thato,B-PER
263,to,O
263,arrive,O
263,.,O
264,Can,O
264,you,O
264,schedule,O
264,a,O
264,meeting,O
264,with,O
264,Aymen,B-PER
264,next,O
264,week,O
264,?,O
265,The,O
265,consultant,O
265,who,O
265,was,O
265,hired,O
265,byPedro,O
265,recommended,O
265,a,O
265,new,O
265,tool,O
265,.,O
266,Fatma,B-PER
266,and,O
266,his,O
266,colleague,O
266,Ahlem,B-PER
266,handled,O
266,the,O
266,presentation,O
266,together,O
266,.,O
267,While,O
267,the,O
267,proposal,O
267,was,O
267,being,O
267,finalized,O
267,by,O
267,the,O
267,marketing,O
267,team,O
267,",",O
267,Lebogang,B-PER
267,",",O
267,who,O
267,had,O
267,just,O
267,returned,O
267,from,O
267,Singapore,O
267,",",O
267,raised,O
267,an,O
267,objection,O
267,.,O
268,Both,O
268,Inês,B-PER
268,and,O
268,Nuno,B-PER
268,have,O
268,extensive,O
268,experience,O
268,in,O
268,logistics,O
268,.,O
269,Both,O
269,ملاك,B-PER
269,and,O
269,Om,B-PER
269,have,O
269,extensive,O
269,experience,O
269,in,O
269,logistics,O
269,.,O
270,Neima,B-PER
270,introduced,O
270,Kadra,B-PER
270,as,O
270,the,O
270,lead,O
270,consultant,O
270,on,O
270,the,O
270,project,O
270,.,O
271,Loide,B-PER
271,",",O
271,the,O
271,new,O
271,project,O
271,manager,O
271,",",O
271,presented,O
271,the,O
271,budget,O
271,.,O
272,At,O
272,the,O
272,annual,O
272,summit,O
272,in,O
272,Kuala,O
272,Lumpur,O
272,",",O
272,Fatimata,B-PER
272,gave,O
272,a,O
272,keynote,O
272,speech,O
272,.,O
273,What,O
273,did,O
273,Favour,B-PER
273,say,O
273,about,O
273,the,O
273,proposal,O
273,yesterday,O
273,?,O
274,The,O
274,consultant,O
274,who,O
274,was,O
274,hired,O
274,byTebogo,O
274,recommended,O
274,a,O
274,new,O
274,tool,O
274,.,O
275,My,O
275,name,O
275,is,O
275,Abena,B-PER
275,.,O
276,Youssef,B-PER
276,and,O
276,his,O
276,colleague,O
276,Salma,B-PER
276,handled,O
276,the,O
276,presentation,O
276,together,O
276,.,O
277,Francis,B-PER
277,",",O
277,the,O
277,new,O
277,project,O
277,manager,O
277,",",O
277,presented,O
277,the,O
277,budget,O
277,.,O
278,During,O
278,yesterday,O
278,',O
278,s,O
278,meeting,O
278,",",O
278,Sousou,B-PER
278,brought,O
278,up,O
278,an,O
278,interesting,O
278,point,O
278,.,O
279,After,O
279,the,O
279,interview,O
279,",",O
279,we,O
279,offered,O
279,Eman,B-PER
279,the,O
279,position,O
279,.,O
280,The,O
280,report,O
280,",",O
280,as,O
280,mentioned,O
280,by,O
280,Eshetu,B-PER
280,(,O
280,our,O
280,new,O
280,data,O
280,analyst,O
280,),O
280,",",O
280,needs,O
280,a,O
280,revision,O
280,.,O
281,Joselyne,B-PER
281,",",O
281,the,O
281,new,O
281,project,O
281,manager,O
281,",",O
281,presented,O
281,the,O
281,budget,O
281,.,O
282,Have,O
282,you,O
282,met,O
282,Safiatou,B-PER
282,from,O
282,the,O
282,accounting,O
282,department,O
282,?,O
283,I,O
283,met,O
283,Moses,B-PER
283,and,O
283,Hilma,B-PER
283,at,O
283,the,O
283,workshop,O
283,in,O
283,Jakarta,O
283,.,O
284,I,O
284,met,O
284,Fati,B-PER
284,and,O
284,Malak,B-PER
284,at,O
284,the,O
284,workshop,O
284,in,O
284,Jakarta,O
284,.,O
285,Both,O
285,Inês,B-PER
285,and,O
285,Diogo,B-PER
285,have,O
285,extensive,O
285,experience,O
285,in,O
285,logistics,O
285,.,O
286,I,O
286,met,O
286,Gifty,B-PER
286,and,O
286,Emmanuel,B-PER
286,at,O
286,the,O
286,workshop,O
286,in,O
286,Jakarta,O
286,.,O
287,The,O
287,consultant,O
287,who,O
287,was,O
287,hired,O
287,byMisgana,O
287,recommended,O
287,a,O
287,new,O
287,tool,O
287,.,O
288,Do,O
288,you,O
288,remember,O
288,when,O
288,Cláudia,B-PER
288,joined,O
288,the,O
288,company,O
288,?,O
289,Isn,O
289,',O
289,t,O
289,Petrus,B-PER
289,presenting,O
289,at,O
289,the,O
289,conference,O
289,?,O
290,Both,O
290,Helder,B-PER
290,and,O
290,Margarida,B-PER
290,have,O
290,extensive,O
290,experience,O
290,in,O
290,logistics,O
290,.,O
291,The,O
291,person,O
291,you,O
291,spoke,O
291,to,O
291,earlier,O
291,",",O
291,Lebogang,B-PER
291,",",O
291,will,O
291,send,O
291,the,O
291,report,O
291,.,O
292,During,O
292,yesterday,O
292,',O
292,s,O
292,meeting,O
292,",",O
292,Boureima,B-PER
292,brought,O
292,up,O
292,an,O
292,interesting,O
292,point,O
292,.,O
293,This,O
293,is,O
293,Nthabiseng,B-PER
293,",",O
293,our,O
293,new,O
293,team,O
293,member,O
293,.,O
294,Have,O
294,you,O
294,met,O
294,Kagiso,B-PER
294,from,O
294,the,O
294,accounting,O
294,department,O
294,?,O
295,Isn,O
295,',O
295,t,O
295,خالد,B-PER
295,presenting,O
295,at,O
295,the,O
295,conference,O
295,?,O
296,Do,O
296,you,O
296,remember,O
296,when,O
296,Sousou,B-PER
296,joined,O
296,the,O
296,company,O
296,?,O
297,Everyone,O
297,was,O
297,waiting,O
297,for,O
297,وردة,B-PER
297,to,O
297,arrive,O
297,.,O
298,At,O
298,the,O
298,annual,O
298,summit,O
298,in,O
298,Kuala,O
298,Lumpur,O
298,",",O
298,زهرة,B-PER
298,gave,O
298,a,O
298,keynote,O
298,speech,O
298,.,O
299,During,O
299,yesterday,O
299,',O
299,s,O
299,meeting,O
299,",",O
299,Malak,B-PER
299,brought,O
299,up,O
299,an,O
299,interesting,O
299,point,O
299,.,O
